"CollectedDate","Path","Title","TotalViews","UniqueVisitors"
"2026-03-18","/ZacharyLuz/Get-AzVMAvailability","GitHub - ZacharyLuz/Get-AzVMAvailability: A comprehensive PowerShell tool for...","211","106"
"2026-03-18","/ZacharyLuz/Get-AzVMAvailability/blob/main/Get-AzVMAvailability.ps1","Get-AzVMAvailability/Get-AzVMAvailability.ps1 at main ┬╖ ZacharyLuz/Get-AzVMAv...","33","13"
"2026-03-18","/ZacharyLuz/Get-AzVMAvailability/blob/main/README.md","Get-AzVMAvailability/Get-AzVMAvailability.ps1 at main ┬╖ ZacharyLuz/Get-AzVMAv...","7","5"
"2026-03-18","/ZacharyLuz/Get-AzVMAvailability/graphs/traffic","Traffic ┬╖ ZacharyLuz/Get-AzVMAvailability","10","1"
"2026-03-18","/ZacharyLuz/Get-AzVMAvailability/issues","GitHub ┬╖ Where software is built","17","6"
"2026-03-18","/ZacharyLuz/Get-AzVMAvailability/issues/28","[FEATURE] Create an MCP server interface for use with automated deployments ┬╖...","9","2"
"2026-03-18","/ZacharyLuz/Get-AzVMAvailability/issues/31","Clear up multi-subscription selection reporting ┬╖ Issue #31 ┬╖ ZacharyLuz/Get-...","7","4"
"2026-03-18","/ZacharyLuz/Get-AzVMAvailability/pull/33","feat: v1.11.0 ΓÇö placement scores, spot pricing, interactive prompts by Zachar...","10","1"
"2026-03-18","/ZacharyLuz/Get-AzVMAvailability/pulls","Pull requests ┬╖ ZacharyLuz/Get-AzVMAvailability","8","1"
"2026-03-18","/ZacharyLuz/Get-AzVMAvailability/releases","Releases ┬╖ ZacharyLuz/Get-AzVMAvailability","9","5"
"2026-03-19","/ZacharyLuz/Get-AzVMAvailability","GitHub - ZacharyLuz/Get-AzVMAvailability: A comprehensive PowerShell tool for...","207","103"
"2026-03-19","/ZacharyLuz/Get-AzVMAvailability/blob/main/Get-AzVMAvailability.ps1","Get-AzVMAvailability/Get-AzVMAvailability.ps1 at main ┬╖ ZacharyLuz/Get-AzVMAv...","32","13"
"2026-03-19","/ZacharyLuz/Get-AzVMAvailability/graphs/traffic","Traffic ┬╖ ZacharyLuz/Get-AzVMAvailability","8","1"
"2026-03-19","/ZacharyLuz/Get-AzVMAvailability/issues","GitHub ┬╖ Where software is built","19","6"
"2026-03-19","/ZacharyLuz/Get-AzVMAvailability/issues/28","[FEATURE] Create an MCP server interface for use with automated deployments ┬╖...","10","2"
"2026-03-19","/ZacharyLuz/Get-AzVMAvailability/issues/31","Clear up multi-subscription selection reporting ┬╖ Issue #31 ┬╖ ZacharyLuz/Get-...","7","4"
"2026-03-19","/ZacharyLuz/Get-AzVMAvailability/pull/33","feat: v1.11.0 ΓÇö placement scores, spot pricing, interactive prompts by Zachar...","10","1"
"2026-03-19","/ZacharyLuz/Get-AzVMAvailability/pull/49","fix: address post-merge Copilot PR #48 comments ΓÇö git ls-files docs scan + Re...","7","1"
"2026-03-19","/ZacharyLuz/Get-AzVMAvailability/pulls","Pull requests ┬╖ ZacharyLuz/Get-AzVMAvailability","14","1"
"2026-03-19","/ZacharyLuz/Get-AzVMAvailability/releases","Releases ┬╖ ZacharyLuz/Get-AzVMAvailability","9","5"
"2026-03-20","/ZacharyLuz/Get-AzVMAvailability","GitHub - ZacharyLuz/Get-AzVMAvailability: A comprehensive PowerShell tool for...",207,103
"2026-03-20","/ZacharyLuz/Get-AzVMAvailability/blob/main/Get-AzVMAvailability.ps1","Get-AzVMAvailability/Get-AzVMAvailability.ps1 at main · ZacharyLuz/Get-AzVMAv...",32,13
"2026-03-20","/ZacharyLuz/Get-AzVMAvailability/issues","GitHub · Where software is built",19,6
"2026-03-20","/ZacharyLuz/Get-AzVMAvailability/pulls","Pull requests · ZacharyLuz/Get-AzVMAvailability",14,1
"2026-03-20","/ZacharyLuz/Get-AzVMAvailability/issues/28","[FEATURE] Create an MCP server interface for use with automated deployments ·...",10,2
"2026-03-20","/ZacharyLuz/Get-AzVMAvailability/pull/33","feat: v1.11.0 — placement scores, spot pricing, interactive prompts by Zachar...",10,1
"2026-03-20","/ZacharyLuz/Get-AzVMAvailability/releases","Releases · ZacharyLuz/Get-AzVMAvailability",9,5
"2026-03-20","/ZacharyLuz/Get-AzVMAvailability/graphs/traffic","Traffic · ZacharyLuz/Get-AzVMAvailability",8,1
"2026-03-20","/ZacharyLuz/Get-AzVMAvailability/issues/31","Clear up multi-subscription selection reporting · Issue #31 · ZacharyLuz/Get-...",7,4
"2026-03-20","/ZacharyLuz/Get-AzVMAvailability/pull/49","fix: address post-merge Copilot PR #48 comments — git ls-files docs scan + Re...",7,1
"2026-03-21","/ZacharyLuz/Get-AzVMAvailability","ZacharyLuz/Get-AzVMAvailability: A comprehensive PowerShell tool for checking...",213,99
"2026-03-21","/ZacharyLuz/Get-AzVMAvailability/pulls","Pull requests · ZacharyLuz/Get-AzVMAvailability",38,1
"2026-03-21","/ZacharyLuz/Get-AzVMAvailability/blob/main/Get-AzVMAvailability.ps1","Get-AzVMAvailability/Get-AzVMAvailability.ps1 at main · ZacharyLuz/Get-AzVMAv...",34,13
"2026-03-21","/ZacharyLuz/Get-AzVMAvailability/issues","GitHub · Where software is built",20,6
"2026-03-21","/ZacharyLuz/Get-AzVMAvailability/pull/79","fix: inline parallel scan logic to fix ForEach-Object -Parallel scriptblock e...",14,1
"2026-03-21","/ZacharyLuz/Get-AzVMAvailability/releases","Releases · ZacharyLuz/Get-AzVMAvailability",12,7
"2026-03-21","/ZacharyLuz/Get-AzVMAvailability/issues/28","[FEATURE] Create an MCP server interface for use with automated deployments ·...",10,2
"2026-03-21","/ZacharyLuz/Get-AzVMAvailability/pull/33","feat: v1.11.0 — placement scores, spot pricing, interactive prompts by Zachar...",10,1
"2026-03-21","/ZacharyLuz/Get-AzVMAvailability/graphs/traffic","Traffic · ZacharyLuz/Get-AzVMAvailability",9,1
"2026-03-21","/ZacharyLuz/Get-AzVMAvailability/pull/77","chore: v2.0.0 prep — exit→throw, List[T] perf, archive internal docs (#68, #7...",9,1
"2026-03-22","/ZacharyLuz/Get-AzVMAvailability","ZacharyLuz/Get-AzVMAvailability: A comprehensive PowerShell tool for checking...",209,93
"2026-03-22","/ZacharyLuz/Get-AzVMAvailability/pulls","Pull requests · ZacharyLuz/Get-AzVMAvailability",49,1
"2026-03-22","/ZacharyLuz/Get-AzVMAvailability/blob/main/Get-AzVMAvailability.ps1","Get-AzVMAvailability/Get-AzVMAvailability.ps1 at main · ZacharyLuz/Get-AzVMAv...",35,12
"2026-03-22","/ZacharyLuz/Get-AzVMAvailability/issues","GitHub · Where software is built",19,5
"2026-03-22","/ZacharyLuz/Get-AzVMAvailability/pull/79","fix: inline parallel scan logic to fix ForEach-Object -Parallel scriptblock e...",14,1
"2026-03-22","/ZacharyLuz/Get-AzVMAvailability/releases","Releases · ZacharyLuz/Get-AzVMAvailability",10,6
"2026-03-22","/ZacharyLuz/Get-AzVMAvailability/issues/28","[FEATURE] Create an MCP server interface for use with automated deployments ·...",10,2
"2026-03-22","/ZacharyLuz/Get-AzVMAvailability/pull/33","feat: v1.11.0 — placement scores, spot pricing, interactive prompts by Zachar...",10,1
"2026-03-22","/ZacharyLuz/Get-AzVMAvailability/tree/main","Get-AzVMAvailability/Get-AzVMAvailability.ps1 at main · ZacharyLuz/Get-AzVMAv...",9,3
"2026-03-22","/ZacharyLuz/Get-AzVMAvailability/graphs/traffic","Traffic · ZacharyLuz/Get-AzVMAvailability",9,1
"2026-03-23","/ZacharyLuz/Get-AzVMAvailability","ZacharyLuz/Get-AzVMAvailability: A comprehensive PowerShell tool for checking...",213,90
"2026-03-23","/ZacharyLuz/Get-AzVMAvailability/pulls","Pull requests · ZacharyLuz/Get-AzVMAvailability",60,1
"2026-03-23","/ZacharyLuz/Get-AzVMAvailability/blob/main/Get-AzVMAvailability.ps1","Get-AzVMAvailability/Get-AzVMAvailability.ps1 at main · ZacharyLuz/Get-AzVMAv...",39,12
"2026-03-23","/ZacharyLuz/Get-AzVMAvailability/issues","GitHub · Where software is built",19,5
"2026-03-23","/ZacharyLuz/Get-AzVMAvailability/pull/79","fix: inline parallel scan logic to fix ForEach-Object -Parallel scriptblock e...",14,1
"2026-03-23","/ZacharyLuz/Get-AzVMAvailability/pull/89","feat: module scaffold — extract 34 functions into AzVMAvailability/ module by...",12,1
"2026-03-23","/ZacharyLuz/Get-AzVMAvailability/releases","Releases · ZacharyLuz/Get-AzVMAvailability",11,5
"2026-03-23","/ZacharyLuz/Get-AzVMAvailability/tree/main","Get-AzVMAvailability/Get-AzVMAvailability.ps1 at main · ZacharyLuz/Get-AzVMAv...",10,3
"2026-03-23","/ZacharyLuz/Get-AzVMAvailability/issues/28","[FEATURE] Create an MCP server interface for use with automated deployments ·...",10,2
"2026-03-23","/ZacharyLuz/Get-AzVMAvailability/pull/33","feat: v1.11.0 — placement scores, spot pricing, interactive prompts by Zachar...",10,1
"2026-03-24","/ZacharyLuz/Get-AzVMAvailability","ZacharyLuz/Get-AzVMAvailability: A comprehensive PowerShell tool for checking...",213,89
"2026-03-24","/ZacharyLuz/Get-AzVMAvailability/pulls","Pull requests · ZacharyLuz/Get-AzVMAvailability",61,1
"2026-03-24","/ZacharyLuz/Get-AzVMAvailability/blob/main/Get-AzVMAvailability.ps1","Get-AzVMAvailability/Get-AzVMAvailability.ps1 at main · ZacharyLuz/Get-AzVMAv...",41,12
"2026-03-24","/ZacharyLuz/Get-AzVMAvailability/issues","GitHub · Where software is built",19,5
"2026-03-24","/ZacharyLuz/Get-AzVMAvailability/pull/79","fix: inline parallel scan logic to fix ForEach-Object -Parallel scriptblock e...",14,1
"2026-03-24","/ZacharyLuz/Get-AzVMAvailability/tree/main","Get-AzVMAvailability/Get-AzVMAvailability.ps1 at main · ZacharyLuz/Get-AzVMAv...",13,3
"2026-03-24","/ZacharyLuz/Get-AzVMAvailability/pull/89","feat: module scaffold — extract 34 functions into AzVMAvailability/ module by...",12,1
"2026-03-24","/ZacharyLuz/Get-AzVMAvailability/releases","Releases · ZacharyLuz/Get-AzVMAvailability",11,5
"2026-03-24","/ZacharyLuz/Get-AzVMAvailability/issues/28","[FEATURE] Create an MCP server interface for use with automated deployments ·...",10,2
"2026-03-24","/ZacharyLuz/Get-AzVMAvailability/pull/33","feat: v1.11.0 — placement scores, spot pricing, interactive prompts by Zachar...",10,1
"2026-03-25","/ZacharyLuz/Get-AzVMAvailability","ZacharyLuz/Get-AzVMAvailability: A comprehensive PowerShell tool for checking...",212,82
"2026-03-25","/ZacharyLuz/Get-AzVMAvailability/pulls","Pull requests · ZacharyLuz/Get-AzVMAvailability",61,1
"2026-03-25","/ZacharyLuz/Get-AzVMAvailability/blob/main/Get-AzVMAvailability.ps1","Get-AzVMAvailability/Get-AzVMAvailability.ps1 at main · ZacharyLuz/Get-AzVMAv...",42,12
"2026-03-25","/ZacharyLuz/Get-AzVMAvailability/issues","GitHub · Where software is built",19,5
"2026-03-25","/ZacharyLuz/Get-AzVMAvailability/pull/79","fix: inline parallel scan logic to fix ForEach-Object -Parallel scriptblock e...",14,1
"2026-03-25","/ZacharyLuz/Get-AzVMAvailability/tree/main","Get-AzVMAvailability/Get-AzVMAvailability.ps1 at main · ZacharyLuz/Get-AzVMAv...",13,3
"2026-03-25","/ZacharyLuz/Get-AzVMAvailability/pull/89","feat: module scaffold — extract 34 functions into AzVMAvailability/ module by...",12,1
"2026-03-25","/ZacharyLuz/Get-AzVMAvailability/releases","Releases · ZacharyLuz/Get-AzVMAvailability",11,5
"2026-03-25","/ZacharyLuz/Get-AzVMAvailability/issues/28","[FEATURE] Create an MCP server interface for use with automated deployments ·...",10,2
"2026-03-25","/ZacharyLuz/Get-AzVMAvailability/pull/33","feat: v1.11.0 — placement scores, spot pricing, interactive prompts by Zachar...",10,1
"2026-03-26","/ZacharyLuz/Get-AzVMAvailability","ZacharyLuz/Get-AzVMAvailability: A comprehensive PowerShell tool for checking...",190,73
"2026-03-26","/ZacharyLuz/Get-AzVMAvailability/pulls","Pull requests · ZacharyLuz/Get-AzVMAvailability",61,1
"2026-03-26","/ZacharyLuz/Get-AzVMAvailability/blob/main/Get-AzVMAvailability.ps1","Get-AzVMAvailability/Get-AzVMAvailability.ps1 at main · ZacharyLuz/Get-AzVMAv...",35,10
"2026-03-26","/ZacharyLuz/Get-AzVMAvailability/issues","GitHub · Where software is built",19,5
"2026-03-26","/ZacharyLuz/Get-AzVMAvailability/tree/main","Get-AzVMAvailability/Get-AzVMAvailability.ps1 at main · ZacharyLuz/Get-AzVMAv...",14,4
"2026-03-26","/ZacharyLuz/Get-AzVMAvailability/pull/79","fix: inline parallel scan logic to fix ForEach-Object -Parallel scriptblock e...",14,1
"2026-03-26","/ZacharyLuz/Get-AzVMAvailability/pull/89","feat: module scaffold — extract 34 functions into AzVMAvailability/ module by...",12,1
"2026-03-26","/ZacharyLuz/Get-AzVMAvailability/releases","Releases · ZacharyLuz/Get-AzVMAvailability",10,4
"2026-03-26","/ZacharyLuz/Get-AzVMAvailability/issues/28","[FEATURE] Create an MCP server interface for use with automated deployments ·...",10,2
"2026-03-26","/ZacharyLuz/Get-AzVMAvailability/pull/33","feat: v1.11.0 — placement scores, spot pricing, interactive prompts by Zachar...",10,1
"2026-03-27","/ZacharyLuz/Get-AzVMAvailability","ZacharyLuz/Get-AzVMAvailability: A comprehensive PowerShell tool for checking...",162,63
"2026-03-27","/ZacharyLuz/Get-AzVMAvailability/pulls","Pull requests · ZacharyLuz/Get-AzVMAvailability",67,3
"2026-03-27","/ZacharyLuz/Get-AzVMAvailability/blob/main/Get-AzVMAvailability.ps1","Get-AzVMAvailability/Get-AzVMAvailability.ps1 at main · ZacharyLuz/Get-AzVMAv...",31,10
"2026-03-27","/ZacharyLuz/Get-AzVMAvailability/pull/99","feat: Lifecycle Management — recommendations, live scan, upgrade path knowled...",18,4
"2026-03-27","/ZacharyLuz/Get-AzVMAvailability/pull/99/commits","feat: Lifecycle Management — recommendations, live scan, upgrade path knowled...",14,3
"2026-03-27","/ZacharyLuz/Get-AzVMAvailability/pull/79","fix: inline parallel scan logic to fix ForEach-Object -Parallel scriptblock e...",14,1
"2026-03-27","/ZacharyLuz/Get-AzVMAvailability/tree/main","Get-AzVMAvailability/Get-AzVMAvailability.ps1 at main · ZacharyLuz/Get-AzVMAv...",12,4
"2026-03-27","/ZacharyLuz/Get-AzVMAvailability/pull/89","feat: module scaffold — extract 34 functions into AzVMAvailability/ module by...",12,1
"2026-03-27","/ZacharyLuz/Get-AzVMAvailability/issues","GitHub · Where software is built",11,4
"2026-03-27","/ZacharyLuz/Get-AzVMAvailability/releases","Releases · ZacharyLuz/Get-AzVMAvailability",9,4
"2026-03-28","/ZacharyLuz/Get-AzVMAvailability","ZacharyLuz/Get-AzVMAvailability: A comprehensive PowerShell tool for checking...",162,63
"2026-03-28","/ZacharyLuz/Get-AzVMAvailability/pulls","Pull requests · ZacharyLuz/Get-AzVMAvailability",67,3
"2026-03-28","/ZacharyLuz/Get-AzVMAvailability/blob/main/Get-AzVMAvailability.ps1","Get-AzVMAvailability/Get-AzVMAvailability.ps1 at main · ZacharyLuz/Get-AzVMAv...",31,10
"2026-03-28","/ZacharyLuz/Get-AzVMAvailability/pull/99","feat: Lifecycle Management — recommendations, live scan, upgrade path knowled...",18,4
"2026-03-28","/ZacharyLuz/Get-AzVMAvailability/pull/99/commits","feat: Lifecycle Management — recommendations, live scan, upgrade path knowled...",14,3
"2026-03-28","/ZacharyLuz/Get-AzVMAvailability/pull/79","fix: inline parallel scan logic to fix ForEach-Object -Parallel scriptblock e...",14,1
"2026-03-28","/ZacharyLuz/Get-AzVMAvailability/tree/main","Get-AzVMAvailability/Get-AzVMAvailability.ps1 at main · ZacharyLuz/Get-AzVMAv...",12,4
"2026-03-28","/ZacharyLuz/Get-AzVMAvailability/pull/89","feat: module scaffold — extract 34 functions into AzVMAvailability/ module by...",12,1
"2026-03-28","/ZacharyLuz/Get-AzVMAvailability/issues","GitHub · Where software is built",11,4
"2026-03-28","/ZacharyLuz/Get-AzVMAvailability/releases","Releases · ZacharyLuz/Get-AzVMAvailability",9,4
"2026-03-29","/ZacharyLuz/Get-AzVMAvailability","ZacharyLuz/Get-AzVMAvailability: A comprehensive PowerShell tool for checking...",204,91
"2026-03-29","/ZacharyLuz/Get-AzVMAvailability/pulls","Pull requests · ZacharyLuz/Get-AzVMAvailability",78,4
"2026-03-29","/ZacharyLuz/Get-AzVMAvailability/blob/main/Get-AzVMAvailability.ps1","Get-AzVMAvailability/Get-AzVMAvailability.ps1 at main · ZacharyLuz/Get-AzVMAv...",25,11
"2026-03-29","/ZacharyLuz/Get-AzVMAvailability/issues","GitHub · Where software is built",21,10
"2026-03-29","/ZacharyLuz/Get-AzVMAvailability/pull/99","feat: Lifecycle Management — recommendations, live scan, upgrade path knowled...",18,4
"2026-03-29","/ZacharyLuz/Get-AzVMAvailability/pull/99/commits","feat: Lifecycle Management — recommendations, live scan, upgrade path knowled...",14,3
"2026-03-29","/ZacharyLuz/Get-AzVMAvailability/pull/79","fix: inline parallel scan logic to fix ForEach-Object -Parallel scriptblock e...",14,1
"2026-03-29","/ZacharyLuz/Get-AzVMAvailability/pull/100","Install impr by joelbyford · Pull Request #100 · ZacharyLuz/Get-AzVMAvailabil...",12,1
"2026-03-29","/ZacharyLuz/Get-AzVMAvailability/pull/89","feat: module scaffold — extract 34 functions into AzVMAvailability/ module by...",12,1
"2026-03-29","/ZacharyLuz/Get-AzVMAvailability/releases","Releases · ZacharyLuz/Get-AzVMAvailability",10,5
"2026-03-30","/ZacharyLuz/Get-AzVMAvailability","ZacharyLuz/Get-AzVMAvailability: A comprehensive PowerShell tool for checking...",201,89
"2026-03-30","/ZacharyLuz/Get-AzVMAvailability/pulls","Pull requests · ZacharyLuz/Get-AzVMAvailability",77,4
"2026-03-30","/ZacharyLuz/Get-AzVMAvailability/blob/main/Get-AzVMAvailability.ps1","Get-AzVMAvailability/Get-AzVMAvailability.ps1 at main · ZacharyLuz/Get-AzVMAv...",25,11
"2026-03-30","/ZacharyLuz/Get-AzVMAvailability/issues","GitHub · Where software is built",20,10
"2026-03-30","/ZacharyLuz/Get-AzVMAvailability/pull/99","feat: Lifecycle Management — recommendations, live scan, upgrade path knowled...",18,4
"2026-03-30","/ZacharyLuz/Get-AzVMAvailability/pull/99/commits","feat: Lifecycle Management — recommendations, live scan, upgrade path knowled...",14,3
"2026-03-30","/ZacharyLuz/Get-AzVMAvailability/pull/79","fix: inline parallel scan logic to fix ForEach-Object -Parallel scriptblock e...",14,1
"2026-03-30","/ZacharyLuz/Get-AzVMAvailability/pull/100","Install impr by joelbyford · Pull Request #100 · ZacharyLuz/Get-AzVMAvailabil...",12,1
"2026-03-30","/ZacharyLuz/Get-AzVMAvailability/pull/89","feat: module scaffold — extract 34 functions into AzVMAvailability/ module by...",12,1
"2026-03-30","/ZacharyLuz/Get-AzVMAvailability/releases","Releases · ZacharyLuz/Get-AzVMAvailability",10,5
"2026-03-31","/ZacharyLuz/Get-AzVMAvailability","ZacharyLuz/Get-AzVMAvailability: A comprehensive PowerShell tool for checking...",199,88
"2026-03-31","/ZacharyLuz/Get-AzVMAvailability/pulls","Pull requests · ZacharyLuz/Get-AzVMAvailability",77,4
"2026-03-31","/ZacharyLuz/Get-AzVMAvailability/blob/main/Get-AzVMAvailability.ps1","Get-AzVMAvailability/Get-AzVMAvailability.ps1 at main · ZacharyLuz/Get-AzVMAv...",23,10
"2026-03-31","/ZacharyLuz/Get-AzVMAvailability/issues","GitHub · Where software is built",20,10
"2026-03-31","/ZacharyLuz/Get-AzVMAvailability/pull/99","feat: Lifecycle Management — recommendations, live scan, upgrade path knowled...",18,4
"2026-03-31","/ZacharyLuz/Get-AzVMAvailability/pull/99/commits","feat: Lifecycle Management — recommendations, live scan, upgrade path knowled...",14,3
"2026-03-31","/ZacharyLuz/Get-AzVMAvailability/pull/79","fix: inline parallel scan logic to fix ForEach-Object -Parallel scriptblock e...",14,1
"2026-03-31","/ZacharyLuz/Get-AzVMAvailability/pull/100","Install impr by joelbyford · Pull Request #100 · ZacharyLuz/Get-AzVMAvailabil...",13,2
"2026-03-31","/ZacharyLuz/Get-AzVMAvailability/pull/89","feat: module scaffold — extract 34 functions into AzVMAvailability/ module by...",12,1
"2026-03-31","/ZacharyLuz/Get-AzVMAvailability/releases","Releases · ZacharyLuz/Get-AzVMAvailability",10,5
"2026-04-01","/ZacharyLuz/Get-AzVMAvailability","ZacharyLuz/Get-AzVMAvailability: A comprehensive PowerShell tool for checking...",198,83
"2026-04-01","/ZacharyLuz/Get-AzVMAvailability/pulls","Pull requests · ZacharyLuz/Get-AzVMAvailability",79,4
"2026-04-01","/ZacharyLuz/Get-AzVMAvailability/blob/main/Get-AzVMAvailability.ps1","Get-AzVMAvailability/Get-AzVMAvailability.ps1 at main · ZacharyLuz/Get-AzVMAv...",23,10
"2026-04-01","/ZacharyLuz/Get-AzVMAvailability/issues","GitHub · Where software is built",20,10
"2026-04-01","/ZacharyLuz/Get-AzVMAvailability/pull/99","feat: Lifecycle Management — recommendations, live scan, upgrade path knowled...",18,4
"2026-04-01","/ZacharyLuz/Get-AzVMAvailability/pull/100","Install impr by joelbyford · Pull Request #100 · ZacharyLuz/Get-AzVMAvailabil...",16,4
"2026-04-01","/ZacharyLuz/Get-AzVMAvailability/pull/99/commits","feat: Lifecycle Management — recommendations, live scan, upgrade path knowled...",14,3
"2026-04-01","/ZacharyLuz/Get-AzVMAvailability/pull/79","fix: inline parallel scan logic to fix ForEach-Object -Parallel scriptblock e...",14,1
"2026-04-01","/ZacharyLuz/Get-AzVMAvailability/pull/89","feat: module scaffold — extract 34 functions into AzVMAvailability/ module by...",12,1
"2026-04-01","/ZacharyLuz/Get-AzVMAvailability/releases","Releases · ZacharyLuz/Get-AzVMAvailability",10,5
"2026-04-02","/ZacharyLuz/Get-AzVMAvailability","ZacharyLuz/Get-AzVMAvailability: A comprehensive PowerShell tool for checking...",193,84
"2026-04-02","/ZacharyLuz/Get-AzVMAvailability/pulls","Pull requests · ZacharyLuz/Get-AzVMAvailability",78,4
"2026-04-02","/ZacharyLuz/Get-AzVMAvailability/blob/main/Get-AzVMAvailability.ps1","Get-AzVMAvailability/Get-AzVMAvailability.ps1 at main · ZacharyLuz/Get-AzVMAv...",24,8
"2026-04-02","/ZacharyLuz/Get-AzVMAvailability/pull/99","feat: Lifecycle Management — recommendations, live scan, upgrade path knowled...",20,5
"2026-04-02","/ZacharyLuz/Get-AzVMAvailability/issues","GitHub · Where software is built",17,8
"2026-04-02","/ZacharyLuz/Get-AzVMAvailability/pull/100","Install impr by joelbyford · Pull Request #100 · ZacharyLuz/Get-AzVMAvailabil...",16,4
"2026-04-02","/ZacharyLuz/Get-AzVMAvailability/pull/99/commits","feat: Lifecycle Management — recommendations, live scan, upgrade path knowled...",14,3
"2026-04-02","/ZacharyLuz/Get-AzVMAvailability/pull/79","fix: inline parallel scan logic to fix ForEach-Object -Parallel scriptblock e...",14,1
"2026-04-02","/ZacharyLuz/Get-AzVMAvailability/pull/104","perf/security: scan engine hardening — all 7 goals from multi-model code revi...",13,1
"2026-04-02","/ZacharyLuz/Get-AzVMAvailability/pull/89","feat: module scaffold — extract 34 functions into AzVMAvailability/ module by...",12,1
"2026-04-03","/ZacharyLuz/Get-AzVMAvailability","Overview",246,93
"2026-04-03","/ZacharyLuz/Get-AzVMAvailability/pulls","/pulls",92,4
"2026-04-03","/ZacharyLuz/Get-AzVMAvailability/blob/main/Get-AzVMAvailability.ps1","/blob/main/Get-AzVMAvailability.ps1",27,7
"2026-04-03","/ZacharyLuz/Get-AzVMAvailability/issues","/issues",21,8
"2026-04-03","/ZacharyLuz/Get-AzVMAvailability/pull/99","/pull/99",21,5
"2026-04-03","/ZacharyLuz/Get-AzVMAvailability/pull/104","/pull/104",17,1
"2026-04-03","/ZacharyLuz/Get-AzVMAvailability/pull/100","/pull/100",16,4
"2026-04-03","/ZacharyLuz/Get-AzVMAvailability/pull/99/commits","/pull/99/commits",15,4
"2026-04-03","/ZacharyLuz/Get-AzVMAvailability/tree/main","/tree/main",14,4
"2026-04-03","/ZacharyLuz/Get-AzVMAvailability/pull/79","/pull/79",14,1
"2026-04-04","/ZacharyLuz/Get-AzVMAvailability","Overview",229,92
"2026-04-04","/ZacharyLuz/Get-AzVMAvailability/pulls","/pulls",57,4
"2026-04-04","/ZacharyLuz/Get-AzVMAvailability/issues","/issues",25,10
"2026-04-04","/ZacharyLuz/Get-AzVMAvailability/blob/main/Get-AzVMAvailability.ps1","/blob/main/Get-AzVMAvailability.ps1",25,7
"2026-04-04","/ZacharyLuz/Get-AzVMAvailability/pull/99","/pull/99",21,5
"2026-04-04","/ZacharyLuz/Get-AzVMAvailability/pull/104","/pull/104",17,1
"2026-04-04","/ZacharyLuz/Get-AzVMAvailability/pull/100","/pull/100",16,4
"2026-04-04","/ZacharyLuz/Get-AzVMAvailability/pull/99/commits","/pull/99/commits",15,4
"2026-04-04","/ZacharyLuz/Get-AzVMAvailability/tree/main","/tree/main",12,4
"2026-04-04","/ZacharyLuz/Get-AzVMAvailability/pull/89","/pull/89",12,1
"2026-04-05","/ZacharyLuz/Get-AzVMAvailability","Overview",229,92
"2026-04-05","/ZacharyLuz/Get-AzVMAvailability/pulls","/pulls",57,4
"2026-04-05","/ZacharyLuz/Get-AzVMAvailability/issues","/issues",25,10
"2026-04-05","/ZacharyLuz/Get-AzVMAvailability/blob/main/Get-AzVMAvailability.ps1","/blob/main/Get-AzVMAvailability.ps1",25,7
"2026-04-05","/ZacharyLuz/Get-AzVMAvailability/pull/99","/pull/99",21,5
"2026-04-05","/ZacharyLuz/Get-AzVMAvailability/pull/104","/pull/104",17,1
"2026-04-05","/ZacharyLuz/Get-AzVMAvailability/pull/100","/pull/100",16,4
"2026-04-05","/ZacharyLuz/Get-AzVMAvailability/pull/99/commits","/pull/99/commits",15,4
"2026-04-05","/ZacharyLuz/Get-AzVMAvailability/tree/main","/tree/main",12,4
"2026-04-05","/ZacharyLuz/Get-AzVMAvailability/pull/89","/pull/89",12,1
"2026-04-06","/ZacharyLuz/Get-AzVMAvailability","Overview",224,94
"2026-04-06","/ZacharyLuz/Get-AzVMAvailability/pulls","/pulls",46,4
"2026-04-06","/ZacharyLuz/Get-AzVMAvailability/issues","/issues",25,10
"2026-04-06","/ZacharyLuz/Get-AzVMAvailability/blob/main/Get-AzVMAvailability.ps1","/blob/main/Get-AzVMAvailability.ps1",23,9
"2026-04-06","/ZacharyLuz/Get-AzVMAvailability/pull/99","/pull/99",21,5
"2026-04-06","/ZacharyLuz/Get-AzVMAvailability/pull/104","/pull/104",17,1
"2026-04-06","/ZacharyLuz/Get-AzVMAvailability/pull/100","/pull/100",16,4
"2026-04-06","/ZacharyLuz/Get-AzVMAvailability/pull/99/commits","/pull/99/commits",15,4
"2026-04-06","/ZacharyLuz/Get-AzVMAvailability/branches","/branches",11,4
"2026-04-06","/ZacharyLuz/Get-AzVMAvailability/tree/main","/tree/main",11,4
"2026-04-07","/ZacharyLuz/Get-AzVMAvailability","Overview",230,94
"2026-04-07","/ZacharyLuz/Get-AzVMAvailability/pulls","/pulls",53,5
"2026-04-07","/ZacharyLuz/Get-AzVMAvailability/issues","/issues",25,10
"2026-04-07","/ZacharyLuz/Get-AzVMAvailability/blob/main/Get-AzVMAvailability.ps1","/blob/main/Get-AzVMAvailability.ps1",24,10
"2026-04-07","/ZacharyLuz/Get-AzVMAvailability/pull/99","/pull/99",22,6
"2026-04-07","/ZacharyLuz/Get-AzVMAvailability/pull/104","/pull/104",17,1
"2026-04-07","/ZacharyLuz/Get-AzVMAvailability/pull/100","/pull/100",16,4
"2026-04-07","/ZacharyLuz/Get-AzVMAvailability/pull/99/commits","/pull/99/commits",15,4
"2026-04-07","/ZacharyLuz/Get-AzVMAvailability/branches","/branches",11,4
"2026-04-07","/ZacharyLuz/Get-AzVMAvailability/branches/active","/branches/active",10,6
"2026-04-08","/ZacharyLuz/Get-AzVMAvailability","Overview",295,139
"2026-04-08","/ZacharyLuz/Get-AzVMAvailability/pulls","/pulls",54,5
"2026-04-08","/ZacharyLuz/Get-AzVMAvailability/issues","/issues",26,11
"2026-04-08","/ZacharyLuz/Get-AzVMAvailability/blob/main/Get-AzVMAvailability.ps1","/blob/main/Get-AzVMAvailability.ps1",25,11
"2026-04-08","/ZacharyLuz/Get-AzVMAvailability/pull/99","/pull/99",22,6
"2026-04-08","/ZacharyLuz/Get-AzVMAvailability/pull/104","/pull/104",17,1
"2026-04-08","/ZacharyLuz/Get-AzVMAvailability/pull/100","/pull/100",16,4
"2026-04-08","/ZacharyLuz/Get-AzVMAvailability/pull/99/commits","/pull/99/commits",15,4
"2026-04-08","/ZacharyLuz/Get-AzVMAvailability/tree/main/AzVMAvailability","/tree/main/AzVMAvailability",11,7
"2026-04-08","/ZacharyLuz/Get-AzVMAvailability/tree/main","/tree/main",11,6
"2026-04-09","/ZacharyLuz/Get-AzVMAvailability","Overview",318,145
"2026-04-09","/ZacharyLuz/Get-AzVMAvailability/pulls","/pulls",54,5
"2026-04-09","/ZacharyLuz/Get-AzVMAvailability/blob/main/Get-AzVMAvailability.ps1","/blob/main/Get-AzVMAvailability.ps1",30,11
"2026-04-09","/ZacharyLuz/Get-AzVMAvailability/issues","/issues",26,11
"2026-04-09","/ZacharyLuz/Get-AzVMAvailability/pull/99","/pull/99",22,6
"2026-04-09","/ZacharyLuz/Get-AzVMAvailability/pull/104","/pull/104",17,1
"2026-04-09","/ZacharyLuz/Get-AzVMAvailability/pull/100","/pull/100",16,4
"2026-04-09","/ZacharyLuz/Get-AzVMAvailability/pull/99/commits","/pull/99/commits",15,4
"2026-04-09","/ZacharyLuz/Get-AzVMAvailability/tree/main/AzVMAvailability","/tree/main/AzVMAvailability",12,8
"2026-04-09","/ZacharyLuz/Get-AzVMAvailability/tree/main","/tree/main",12,7
"2026-04-10","/ZacharyLuz/Get-AzVMAvailability","Overview",353,163
"2026-04-10","/ZacharyLuz/Get-AzVMAvailability/pulls","/pulls",53,5
"2026-04-10","/ZacharyLuz/Get-AzVMAvailability/blob/main/Get-AzVMAvailability.ps1","/blob/main/Get-AzVMAvailability.ps1",32,12
"2026-04-10","/ZacharyLuz/Get-AzVMAvailability/issues","/issues",27,12
"2026-04-10","/ZacharyLuz/Get-AzVMAvailability/pull/99","/pull/99",22,6
"2026-04-10","/ZacharyLuz/Get-AzVMAvailability/blob/main/README.md","/blob/main/README.md",17,10
"2026-04-10","/ZacharyLuz/Get-AzVMAvailability/pull/104","/pull/104",17,1
"2026-04-10","/ZacharyLuz/Get-AzVMAvailability/tree/main","/tree/main",16,9
"2026-04-10","/ZacharyLuz/Get-AzVMAvailability/pull/100","/pull/100",16,4
"2026-04-10","/ZacharyLuz/Get-AzVMAvailability/pull/99/commits","/pull/99/commits",15,4
"2026-04-11","/ZacharyLuz/Get-AzVMAvailability","Overview",366,168
"2026-04-11","/ZacharyLuz/Get-AzVMAvailability/pulls","/pulls",46,4
"2026-04-11","/ZacharyLuz/Get-AzVMAvailability/blob/main/Get-AzVMAvailability.ps1","/blob/main/Get-AzVMAvailability.ps1",33,12
"2026-04-11","/ZacharyLuz/Get-AzVMAvailability/issues","/issues",27,12
"2026-04-11","/ZacharyLuz/Get-AzVMAvailability/blob/main/README.md","/blob/main/README.md",18,11
"2026-04-11","/ZacharyLuz/Get-AzVMAvailability/tree/main","/tree/main",18,10
"2026-04-11","/ZacharyLuz/Get-AzVMAvailability/pull/104","/pull/104",17,1
"2026-04-11","/ZacharyLuz/Get-AzVMAvailability/pull/100","/pull/100",16,4
"2026-04-11","/ZacharyLuz/Get-AzVMAvailability/tree/main/AzVMAvailability","/tree/main/AzVMAvailability",14,9
"2026-04-11","/ZacharyLuz/Get-AzVMAvailability/pull/110","/pull/110",11,6
"2026-04-12","/ZacharyLuz/Get-AzVMAvailability","Overview",309,131
"2026-04-12","/ZacharyLuz/Get-AzVMAvailability/pulls","/pulls",36,4
"2026-04-12","/ZacharyLuz/Get-AzVMAvailability/blob/main/Get-AzVMAvailability.ps1","/blob/main/Get-AzVMAvailability.ps1",29,7
"2026-04-12","/ZacharyLuz/Get-AzVMAvailability/tree/main","/tree/main",19,11
"2026-04-12","/ZacharyLuz/Get-AzVMAvailability/blob/main/README.md","/blob/main/README.md",17,10
"2026-04-12","/ZacharyLuz/Get-AzVMAvailability/pull/104","/pull/104",17,1
"2026-04-12","/ZacharyLuz/Get-AzVMAvailability/issues","/issues",16,7
"2026-04-12","/ZacharyLuz/Get-AzVMAvailability/tree/main/AzVMAvailability","/tree/main/AzVMAvailability",13,8
"2026-04-12","/ZacharyLuz/Get-AzVMAvailability/pull/110","/pull/110",12,6
"2026-04-12","/ZacharyLuz/Get-AzVMAvailability/blob/main/CHANGELOG.md","/blob/main/CHANGELOG.md",11,9
"2026-04-13","/ZacharyLuz/Get-AzVMAvailability","Overview",323,131
"2026-04-13","/ZacharyLuz/Get-AzVMAvailability/pulls","/pulls",40,4
"2026-04-13","/ZacharyLuz/Get-AzVMAvailability/blob/main/Get-AzVMAvailability.ps1","/blob/main/Get-AzVMAvailability.ps1",30,7
"2026-04-13","/ZacharyLuz/Get-AzVMAvailability/tree/main","/tree/main",19,11
"2026-04-13","/ZacharyLuz/Get-AzVMAvailability/blob/main/README.md","/blob/main/README.md",19,10
"2026-04-13","/ZacharyLuz/Get-AzVMAvailability/pull/104","/pull/104",17,1
"2026-04-13","/ZacharyLuz/Get-AzVMAvailability/issues","/issues",16,7
"2026-04-13","/ZacharyLuz/Get-AzVMAvailability/pull/125","/pull/125",16,1
"2026-04-13","/ZacharyLuz/Get-AzVMAvailability/tree/main/AzVMAvailability","/tree/main/AzVMAvailability",14,9
"2026-04-13","/ZacharyLuz/Get-AzVMAvailability/deployments","/deployments",13,2
"2026-04-14","/ZacharyLuz/Get-AzVMAvailability","Overview",321,130
"2026-04-14","/ZacharyLuz/Get-AzVMAvailability/pulls","/pulls",40,4
"2026-04-14","/ZacharyLuz/Get-AzVMAvailability/blob/main/Get-AzVMAvailability.ps1","/blob/main/Get-AzVMAvailability.ps1",30,7
"2026-04-14","/ZacharyLuz/Get-AzVMAvailability/tree/main","/tree/main",19,11
"2026-04-14","/ZacharyLuz/Get-AzVMAvailability/blob/main/README.md","/blob/main/README.md",19,10
"2026-04-14","/ZacharyLuz/Get-AzVMAvailability/pull/104","/pull/104",17,1
"2026-04-14","/ZacharyLuz/Get-AzVMAvailability/issues","/issues",16,7
"2026-04-14","/ZacharyLuz/Get-AzVMAvailability/pull/125","/pull/125",16,1
"2026-04-14","/ZacharyLuz/Get-AzVMAvailability/tree/main/AzVMAvailability","/tree/main/AzVMAvailability",14,9
"2026-04-14","/ZacharyLuz/Get-AzVMAvailability/deployments","/deployments",13,2
"2026-04-15","/ZacharyLuz/Get-AzVMAvailability","Overview",333,135
"2026-04-15","/ZacharyLuz/Get-AzVMAvailability/pulls","/pulls",38,3
"2026-04-15","/ZacharyLuz/Get-AzVMAvailability/blob/main/Get-AzVMAvailability.ps1","/blob/main/Get-AzVMAvailability.ps1",33,8
"2026-04-15","/ZacharyLuz/Get-AzVMAvailability/tree/main","/tree/main",20,12
"2026-04-15","/ZacharyLuz/Get-AzVMAvailability/blob/main/README.md","/blob/main/README.md",20,11
"2026-04-15","/ZacharyLuz/Get-AzVMAvailability/tree/main/AzVMAvailability","/tree/main/AzVMAvailability",17,11
"2026-04-15","/ZacharyLuz/Get-AzVMAvailability/pull/104","/pull/104",17,1
"2026-04-15","/ZacharyLuz/Get-AzVMAvailability/issues","/issues",16,7
"2026-04-15","/ZacharyLuz/Get-AzVMAvailability/pull/125","/pull/125",16,1
"2026-04-15","/ZacharyLuz/Get-AzVMAvailability/deployments","/deployments",13,2
"2026-04-16","/ZacharyLuz/Get-AzVMAvailability","Overview",335,134
"2026-04-16","/ZacharyLuz/Get-AzVMAvailability/pulls","/pulls",42,4
"2026-04-16","/ZacharyLuz/Get-AzVMAvailability/blob/main/Get-AzVMAvailability.ps1","/blob/main/Get-AzVMAvailability.ps1",33,8
"2026-04-16","/ZacharyLuz/Get-AzVMAvailability/tree/main","/tree/main",21,12
"2026-04-16","/ZacharyLuz/Get-AzVMAvailability/blob/main/README.md","/blob/main/README.md",19,10
"2026-04-16","/ZacharyLuz/Get-AzVMAvailability/tree/main/AzVMAvailability","/tree/main/AzVMAvailability",16,11
"2026-04-16","/ZacharyLuz/Get-AzVMAvailability/pull/125","/pull/125",16,1
"2026-04-16","/ZacharyLuz/Get-AzVMAvailability/issues","/issues",15,7
"2026-04-16","/ZacharyLuz/Get-AzVMAvailability/deployments","/deployments",15,2
"2026-04-16","/ZacharyLuz/Get-AzVMAvailability/blob/main/CHANGELOG.md","/blob/main/CHANGELOG.md",13,10
"2026-04-17","/ZacharyLuz/Get-AzVMAvailability","Overview",310,133
"2026-04-17","/ZacharyLuz/Get-AzVMAvailability/blob/main/Get-AzVMAvailability.ps1","/blob/main/Get-AzVMAvailability.ps1",32,8
"2026-04-17","/ZacharyLuz/Get-AzVMAvailability/pulls","/pulls",28,4
"2026-04-17","/ZacharyLuz/Get-AzVMAvailability/tree/main","/tree/main",18,12
"2026-04-17","/ZacharyLuz/Get-AzVMAvailability/pull/125","/pull/125",16,1
"2026-04-17","/ZacharyLuz/Get-AzVMAvailability/blob/main/README.md","/blob/main/README.md",15,7
"2026-04-17","/ZacharyLuz/Get-AzVMAvailability/deployments","/deployments",15,2
"2026-04-17","/ZacharyLuz/Get-AzVMAvailability/tree/main/AzVMAvailability","/tree/main/AzVMAvailability",13,9
"2026-04-17","/ZacharyLuz/Get-AzVMAvailability/deployments/github-pages","/deployments/github-pages",12,2
"2026-04-17","/ZacharyLuz/Get-AzVMAvailability/pull/128","/pull/128",12,1
"2026-04-18","/ZacharyLuz/Get-AzVMAvailability","Overview",321,131
"2026-04-18","/ZacharyLuz/Get-AzVMAvailability/blob/main/Get-AzVMAvailability.ps1","/blob/main/Get-AzVMAvailability.ps1",33,9
"2026-04-18","/ZacharyLuz/Get-AzVMAvailability/pulls","/pulls",28,4
"2026-04-18","/ZacharyLuz/Get-AzVMAvailability/tree/main","/tree/main",20,13
"2026-04-18","/ZacharyLuz/Get-AzVMAvailability/pull/125","/pull/125",16,1
"2026-04-18","/ZacharyLuz/Get-AzVMAvailability/deployments","/deployments",15,2
"2026-04-18","/ZacharyLuz/Get-AzVMAvailability/blob/main/README.md","/blob/main/README.md",14,6
"2026-04-18","/ZacharyLuz/Get-AzVMAvailability/deployments/github-pages","/deployments/github-pages",14,2
"2026-04-18","/ZacharyLuz/Get-AzVMAvailability/issues","/issues",13,7
"2026-04-18","/ZacharyLuz/Get-AzVMAvailability/tree/main/AzVMAvailability","/tree/main/AzVMAvailability",12,8
"2026-04-19","/ZacharyLuz/Get-AzVMAvailability","Overview",332,139
"2026-04-19","/ZacharyLuz/Get-AzVMAvailability/blob/main/Get-AzVMAvailability.ps1","/blob/main/Get-AzVMAvailability.ps1",31,9
"2026-04-19","/ZacharyLuz/Get-AzVMAvailability/pulls","/pulls",28,4
"2026-04-19","/ZacharyLuz/Get-AzVMAvailability/tree/main","/tree/main",18,13
"2026-04-19","/ZacharyLuz/Get-AzVMAvailability/pull/125","/pull/125",16,1
"2026-04-19","/ZacharyLuz/Get-AzVMAvailability/blob/main/README.md","/blob/main/README.md",15,7
"2026-04-19","/ZacharyLuz/Get-AzVMAvailability/deployments","/deployments",15,2
"2026-04-19","/ZacharyLuz/Get-AzVMAvailability/deployments/github-pages","/deployments/github-pages",14,2
"2026-04-19","/ZacharyLuz/Get-AzVMAvailability/pull/128","/pull/128",12,1
"2026-04-19","/ZacharyLuz/Get-AzVMAvailability/tree/main/AzVMAvailability","/tree/main/AzVMAvailability",11,8
"2026-04-20","/ZacharyLuz/Get-AzVMAvailability","Overview",329,138
"2026-04-20","/ZacharyLuz/Get-AzVMAvailability/blob/main/Get-AzVMAvailability.ps1","/blob/main/Get-AzVMAvailability.ps1",29,8
"2026-04-20","/ZacharyLuz/Get-AzVMAvailability/pulls","/pulls",28,4
"2026-04-20","/ZacharyLuz/Get-AzVMAvailability/tree/main","/tree/main",18,13
"2026-04-20","/ZacharyLuz/Get-AzVMAvailability/pull/125","/pull/125",16,1
"2026-04-20","/ZacharyLuz/Get-AzVMAvailability/deployments","/deployments",15,2
"2026-04-20","/ZacharyLuz/Get-AzVMAvailability/blob/main/README.md","/blob/main/README.md",14,6
"2026-04-20","/ZacharyLuz/Get-AzVMAvailability/deployments/github-pages","/deployments/github-pages",14,2
"2026-04-20","/ZacharyLuz/Get-AzVMAvailability/pull/128","/pull/128",12,1
"2026-04-20","/ZacharyLuz/Get-AzVMAvailability/tree/main/.devcontainer","/tree/main/.devcontainer",9,8
"2026-04-21","/ZacharyLuz/Get-AzVMAvailability","Overview",323,138
"2026-04-21","/ZacharyLuz/Get-AzVMAvailability/blob/main/Get-AzVMAvailability.ps1","/blob/main/Get-AzVMAvailability.ps1",26,7
"2026-04-21","/ZacharyLuz/Get-AzVMAvailability/pulls","/pulls",20,4
"2026-04-21","/ZacharyLuz/Get-AzVMAvailability/tree/main","/tree/main",18,13
"2026-04-21","/ZacharyLuz/Get-AzVMAvailability/pull/125","/pull/125",16,1
"2026-04-21","/ZacharyLuz/Get-AzVMAvailability/blob/main/README.md","/blob/main/README.md",14,6
"2026-04-21","/ZacharyLuz/Get-AzVMAvailability/deployments/github-pages","/deployments/github-pages",14,2
"2026-04-21","/ZacharyLuz/Get-AzVMAvailability/pull/128","/pull/128",12,1
"2026-04-21","/ZacharyLuz/Get-AzVMAvailability/deployments","/deployments",11,2
"2026-04-21","/ZacharyLuz/Get-AzVMAvailability/tree/main/.devcontainer","/tree/main/.devcontainer",9,8
"2026-04-22","/ZacharyLuz/Get-AzVMAvailability","Overview",272,109
"2026-04-22","/ZacharyLuz/Get-AzVMAvailability/blob/main/Get-AzVMAvailability.ps1","/blob/main/Get-AzVMAvailability.ps1",25,6
"2026-04-22","/ZacharyLuz/Get-AzVMAvailability/pulls","/pulls",19,4
"2026-04-22","/ZacharyLuz/Get-AzVMAvailability/tree/main","/tree/main",18,11
"2026-04-22","/ZacharyLuz/Get-AzVMAvailability/pull/125","/pull/125",16,1
"2026-04-22","/ZacharyLuz/Get-AzVMAvailability/deployments/github-pages","/deployments/github-pages",14,2
"2026-04-22","/ZacharyLuz/Get-AzVMAvailability/blob/main/README.md","/blob/main/README.md",13,5
"2026-04-22","/ZacharyLuz/Get-AzVMAvailability/pull/128","/pull/128",12,1
"2026-04-22","/ZacharyLuz/Get-AzVMAvailability/blob/main/.devcontainer/devcontainer.json","/blob/main/.devcontainer/devcontainer.json",9,4
"2026-04-22","/ZacharyLuz/Get-AzVMAvailability/deployments","/deployments",9,2
"2026-04-23","/ZacharyLuz/Get-AzVMAvailability","Overview",261,110
"2026-04-23","/ZacharyLuz/Get-AzVMAvailability/blob/main/Get-AzVMAvailability.ps1","/blob/main/Get-AzVMAvailability.ps1",20,6
"2026-04-23","/ZacharyLuz/Get-AzVMAvailability/pulls","/pulls",19,4
"2026-04-23","/ZacharyLuz/Get-AzVMAvailability/tree/main","/tree/main",16,10
"2026-04-23","/ZacharyLuz/Get-AzVMAvailability/pull/125","/pull/125",16,1
"2026-04-23","/ZacharyLuz/Get-AzVMAvailability/deployments/github-pages","/deployments/github-pages",14,2
"2026-04-23","/ZacharyLuz/Get-AzVMAvailability/blob/main/README.md","/blob/main/README.md",13,5
"2026-04-23","/ZacharyLuz/Get-AzVMAvailability/pull/128","/pull/128",12,1
"2026-04-23","/ZacharyLuz/Get-AzVMAvailability/blob/main/.devcontainer/devcontainer.json","/blob/main/.devcontainer/devcontainer.json",9,4
"2026-04-23","/ZacharyLuz/Get-AzVMAvailability/deployments","/deployments",9,2
"2026-04-24","/ZacharyLuz/Get-AzVMAvailability","Overview",248,103
"2026-04-24","/ZacharyLuz/Get-AzVMAvailability/pulls","/pulls",22,4
"2026-04-24","/ZacharyLuz/Get-AzVMAvailability/blob/main/Get-AzVMAvailability.ps1","/blob/main/Get-AzVMAvailability.ps1",18,5
"2026-04-24","/ZacharyLuz/Get-AzVMAvailability/tree/main","/tree/main",17,9
"2026-04-24","/ZacharyLuz/Get-AzVMAvailability/pull/125","/pull/125",16,1
"2026-04-24","/ZacharyLuz/Get-AzVMAvailability/deployments/github-pages","/deployments/github-pages",13,2
"2026-04-24","/ZacharyLuz/Get-AzVMAvailability/pull/128","/pull/128",12,1
"2026-04-24","/ZacharyLuz/Get-AzVMAvailability/blob/main/.devcontainer/devcontainer.json","/blob/main/.devcontainer/devcontainer.json",9,4
"2026-04-24","/ZacharyLuz/Get-AzVMAvailability/deployments","/deployments",9,2
"2026-04-24","/ZacharyLuz/Get-AzVMAvailability/releases","/releases",8,6
"2026-04-25","/ZacharyLuz/Get-AzVMAvailability","Overview",240,95
"2026-04-25","/ZacharyLuz/Get-AzVMAvailability/pulls","/pulls",26,4
"2026-04-25","/ZacharyLuz/Get-AzVMAvailability/blob/main/Get-AzVMAvailability.ps1","/blob/main/Get-AzVMAvailability.ps1",17,4
"2026-04-25","/ZacharyLuz/Get-AzVMAvailability/pull/125","/pull/125",16,1
"2026-04-25","/ZacharyLuz/Get-AzVMAvailability/tree/main","/tree/main",15,8
"2026-04-25","/ZacharyLuz/Get-AzVMAvailability/deployments/github-pages","/deployments/github-pages",12,2
"2026-04-25","/ZacharyLuz/Get-AzVMAvailability/pull/128","/pull/128",12,1
"2026-04-25","/ZacharyLuz/Get-AzVMAvailability/blob/main/docs/usage-examples.md","/blob/main/docs/usage-examples.md",9,8
"2026-04-25","/ZacharyLuz/Get-AzVMAvailability/blob/main/.devcontainer/devcontainer.json","/blob/main/.devcontainer/devcontainer.json",9,4
"2026-04-25","/ZacharyLuz/Get-AzVMAvailability/deployments","/deployments",9,2
"2026-04-26","/ZacharyLuz/Get-AzVMAvailability","Overview",239,97
"2026-04-26","/ZacharyLuz/Get-AzVMAvailability/pulls","/pulls",24,4
"2026-04-26","/ZacharyLuz/Get-AzVMAvailability/pull/125","/pull/125",16,1
"2026-04-26","/ZacharyLuz/Get-AzVMAvailability/tree/main","/tree/main",15,9
"2026-04-26","/ZacharyLuz/Get-AzVMAvailability/blob/main/Get-AzVMAvailability.ps1","/blob/main/Get-AzVMAvailability.ps1",15,4
"2026-04-26","/ZacharyLuz/Get-AzVMAvailability/pull/128","/pull/128",12,1
"2026-04-26","/ZacharyLuz/Get-AzVMAvailability/blob/main/docs/usage-examples.md","/blob/main/docs/usage-examples.md",10,9
"2026-04-26","/ZacharyLuz/Get-AzVMAvailability/deployments/github-pages","/deployments/github-pages",10,2
"2026-04-26","/ZacharyLuz/Get-AzVMAvailability/deployments","/deployments",9,2
"2026-04-26","/ZacharyLuz/Get-AzVMAvailability/tree/main/AzVMAvailability","/tree/main/AzVMAvailability",7,6
